adäquat,,,,
adäquate,,,,
adäquatem,,,,
adäquaten,,,,
adäquater,,,,
adäquates,,,,
alleinig,,,,
alleinige,,,,
alleinigem,,,,
alleinigen,,,,
alleiniger,,,,
alleiniges,,,,
allianz,,,,
allianzen,,,,
anerkennen,,,,
anerkennung,,,,
anführen,,,,
anführend,,,,
anführende,,,,
anführendem,,,,
anführenden,,,,
anführender,,,,
anführendes,,,,
angenehm,,,,
angenehme,,,,
angenehmem,,,,
angenehmen,,,,
angenehmer,,,,
angenehmes,,,,
angesehen,,,,
angesehene,,,,
angesehenem,,,,
angesehenen,,,,
angesehener,,,,
angesehenes,,,,
ankurbeln,,,,
anpassungsfähigkeit,,,,
ansehen,,,,
ansprechend,,,,
ansprechende,,,,
ansprechendem,,,,
ansprechenden,,,,
ansprechender,,,,
ansprechendes,,,,
antreiben,,,,
attraktiv,,,,
attraktive,,,,
attraktivem,,,,
attraktiven,,,,
attraktiver,,,,
attraktives,,,,
attraktivität,,,,
aufbauend,,,,
aufbauende,,,,
aufbauendem,,,,
aufbauenden,,,,
aufbauender,,,,
aufbauendes,,,,
aufbessern,,,,
aufbessernd,,,,
aufbessernde,,,,
aufbesserndem,,,,
aufbessernden,,,,
aufbessernder,,,,
aufbesserndes,,,,
aufbessert,,,,
aufgeschlossen,,,,
aufgeschlossene,,,,
aufgeschlossenem,,,,
aufgeschlossenen,,,,
aufgeschlossener,,,,
aufgeschlossenes,,,,
aufnahmefähig,,,,
aufnahmefähige,,,,
aufnahmefähigem,,,,
aufnahmefähigen,,,,
aufnahmefähiger,,,,
aufnahmefähiges,,,,
aufregend,,,,
aufregende,,,,
aufregendem,,,,
aufregenden,,,,
aufregender,,,,
aufregendes,,,,
aufregung,,,,
aufschlussreich,,,,
aufschlussreiche,,,,
aufschlussreichem,,,,
aufschlussreichen,,,,
aufschlussreicher,,,,
aufschlussreiches,,,,
aufschwung,,,,
aufschwünge,,,,
aufwerten,,,,
aufwertung,,,,
aufwertungen,,,,
ausgeprägt,,,,
ausgeprägte,,,,
ausgeprägtem,,,,
ausgeprägten,,,,
ausgeprägter,,,,
ausgeprägtes,,,,
ausgezeichnet,,,,
ausgezeichnete,,,,
ausgezeichnetem,,,,
ausgezeichneten,,,,
ausgezeichneter,,,,
ausgezeichnetes,,,,
ausgiebig,,,,
ausgiebige,,,,
ausgiebigen,,,,
ausgiebiger,,,,
ausgiebiges,,,,
aussagekräftig,,,,
aussagekräftige,,,,
aussagekräftigem,,,,
aussagekräftigen,,,,
aussagekräftiger,,,,
aussagekräftiges,,,,
ausschließlichkeit,,,,
ausstechend,,,,
ausstechende,,,,
ausstechendem,,,,
ausstechenden,,,,
ausstechender,,,,
ausstechendes,,,,
auszeichnen,,,,
auszeichnung,,,,
auszeichnungen,,,,
außergewöhnlich,,,,
außergewöhnliche,,,,
außergewöhnlichem,,,,
außergewöhnlichen,,,,
außergewöhnlicher,,,,
außergewöhnliches,,,,
außerordentlich,,,,
außerordentliche,,,,
außerordentlichem,,,,
außerordentlichen,,,,
außerordentlicher,,,,
außerordentliches,,,,
bahnbrechend,,,,
bahnbrechende,,,,
bahnbrechendem,,,,
bahnbrechenden,,,,
bahnbrechender,,,,
bahnbrechendes,,,,
bedeutend,,,,
bedeutende,,,,
bedeutendem,,,,
bedeutenden,,,,
bedeutender,,,,
bedeutendes,,,,
bedeutsam,,,,
bedeutsame,,,,
bedeutsamem,,,,
bedeutsamen,,,,
bedeutsamer,,,,
bedeutsames,,,,
beehrend,,,,
beehrende,,,,
beehrendem,,,,
beehrenden,,,,
beehrender,,,,
beehrendes,,,,
beeindrucke,,,,
beeindrucken,,,,
beeindruckend,,,,
beeindruckende,,,,
beeindruckendem,,,,
beeindruckenden,,,,
beeindruckender,,,,
beeindruckendes,,,,
beeindruckt,,,,
beeindruckte,,,,
beeindrucktem,,,,
beeindruckten,,,,
beeindruckter,,,,
beeindrucktes,,,,
befriedige,,,,
befriedigen,,,,
befriedigend,,,,
befriedigende,,,,
befriedigendem,,,,
befriedigenden,,,,
befriedigender,,,,
befriedigendes,,,,
befriedigt,,,,
befriedigte,,,,
befriedigtem,,,,
befriedigten,,,,
befriedigter,,,,
befriedigtes,,,,
befähige,,,,
befähigen,,,,
befähigend,,,,
befähigende,,,,
befähigendem,,,,
befähigenden,,,,
befähigender,,,,
befähigendes,,,,
befähigt,,,,
begabt,,,,
begabte,,,,
begabtem,,,,
begabten,,,,
begabter,,,,
begabtes,,,,
begeistere,,,,
begeistern,,,,
begeisternd,,,,
begeisternde,,,,
begeisterndem,,,,
begeisternden,,,,
begeisternder,,,,
begeisterndes,,,,
begeistert,,,,
begeisterte,,,,
begeistertem,,,,
begeisterten,,,,
begeisterter,,,,
begeistertes,,,,
begeisterung,,,,
beglückwünschend,,,,
beglückwünschende,,,,
beglückwünschendem,,,,
beglückwünschenden,,,,
beglückwünschender,,,,
beglückwünschendes,,,,
beglückwünscht,,,,
beglückwünschte,,,,
beglückwünschtem,,,,
beglückwünschten,,,,
beglückwünschter,,,,
beglückwünschtes,,,,
begünstigend,,,,
begünstigende,,,,
begünstigendem,,,,
begünstigenden,,,,
begünstigender,,,,
begünstigendes,,,,
begünstigt,,,,
begünstigte,,,,
begünstigtem,,,,
begünstigten,,,,
begünstigter,,,,
begünstigtes,,,,
beherzt,,,,
beherzte,,,,
beherztem,,,,
beherzten,,,,
beherzter,,,,
beherztes,,,,
behilflich,,,,
behilfliche,,,,
behilflichem,,,,
behilflichen,,,,
behilflicher,,,,
behilfliches,,,,
beispielhaft,,,,
beispielhafte,,,,
beispielhaftem,,,,
beispielhaften,,,,
beispielhafter,,,,
beispielhaftes,,,,
beispiellos,,,,
beispiellose,,,,
beispiellosem,,,,
beispiellosen,,,,
beispielloser,,,,
beispielloses,,,,
bejubeln,,,,
bejubelt,,,,
bejubelte,,,,
bejubeltem,,,,
bejubelten,,,,
bejubelter,,,,
bejubeltes,,,,
bejuble,,,,
bejublen,,,,
beliebt,,,,
beliebte,,,,
beliebtem,,,,
beliebten,,,,
beliebter,,,,
beliebtes,,,,
beliebtheit,,,,
belohne,,,,
belohnen,,,,
belohnend,,,,
belohnende,,,,
belohnendem,,,,
belohnenden,,,,
belohnender,,,,
belohnendes,,,,
belohnt,,,,
belohnte,,,,
belohntem,,,,
belohnten,,,,
belohnter,,,,
belohntes,,,,
belohnung,,,,
belohnungen,,,,
bemerkenswert,,,,
bemerkenswerte,,,,
bemerkenswertem,,,,
bemerkenswerten,,,,
bemerkenswerter,,,,
bemerkenswertes,,,,
bereichernd,,,,
bereichernde,,,,
bereicherndem,,,,
bereichernden,,,,
bereichernder,,,,
bereicherndes,,,,
besonderheit,,,,
besser,,,,
bessere,,,,
besserem,,,,
besseren,,,,
besserer,,,,
besseres,,,,
best,,,,
beste,,,,
bestechend,,,,
bestechende,,,,
bestechendem,,,,
bestechenden,,,,
bestechender,,,,
bestechendes,,,,
bestem,,,,
besten,,,,
bester,,,,
bestes,,,,
beständig,,,,
beständige,,,,
beständigem,,,,
beständigen,,,,
beständiger,,,,
beständiges,,,,
beständigkeit,,,,
bestärke,,,,
bestärken,,,,
bestärkend,,,,
bestärkende,,,,
bestärkendem,,,,
bestärkenden,,,,
bestärkender,,,,
bestärkendes,,,,
bestärkt,,,,
bestärkte,,,,
bestärktem,,,,
bestärkten,,,,
bestärkter,,,,
bestärktes,,,,
beträchtlich,,,,
beträchtliche,,,,
beträchtlichem,,,,
beträchtlichen,,,,
beträchtlicher,,,,
beträchtliches,,,,
bevorteilt,,,,
bevorteilte,,,,
bevorteiltem,,,,
bevorteilten,,,,
bevorteilter,,,,
bevorteiltes,,,,
bevorzugt,,,,
bevorzugte,,,,
bevorzugtem,,,,
bevorzugten,,,,
bevorzugter,,,,
bevorzugtes,,,,
bewandert,,,,
bewanderte,,,,
bewandertem,,,,
bewanderten,,,,
bewanderter,,,,
bewandertes,,,,
bezeichnend,,,,
bezeichnende,,,,
bezeichnendem,,,,
bezeichnenden,,,,
bezeichnender,,,,
bezeichnendes,,,,
blühe,,,,
blühen,,,,
blühend,,,,
blühende,,,,
blühendem,,,,
blühenden,,,,
blühender,,,,
blühendes,,,,
blüht,,,,
bonifiziere,,,,
bonifizieren,,,,
bonifiziert,,,,
bonifizierte,,,,
bonifiziertem,,,,
bonifizierten,,,,
bonifizierter,,,,
bonifiziertes,,,,
boom,,,,
boome,,,,
boomen,,,,
boomend,,,,
boomende,,,,
boomendem,,,,
boomenden,,,,
boomender,,,,
boomendes,,,,
boomt,,,,
brillant,,,,
brillante,,,,
brillantem,,,,
brillanten,,,,
brillanter,,,,
brillantes,,,,
bündnis,,,,
bündnisse,,,,
charakteristisch,,,,
charakteristische,,,,
charakteristischem,,,,
charakteristischen,,,,
charakteristischer,,,,
charakteristisches,,,,
dauerhaft,,,,
dauerhafte,,,,
dauerhaftem,,,,
dauerhaften,,,,
dauerhafter,,,,
dauerhaftes,,,,
dienlich,,,,
dienliche,,,,
dienlichem,,,,
dienlichen,,,,
dienlicher,,,,
dienliches,,,,
durchbruch,,,,
durchbrüche,,,,
dynamisch,,,,
dynamische,,,,
dynamischem,,,,
dynamischen,,,,
dynamischer,,,,
dynamisches,,,,
ebne,,,,
ebnen,,,,
ebnet,,,,
effektiv,,,,
effektive,,,,
effektivem,,,,
effektiven,,,,
effektiver,,,,
effektives,,,,
effizient,,,,
effiziente,,,,
effizientem,,,,
effizienten,,,,
effizienter,,,,
effizientes,,,,
effizienz,,,,
ehrbar,,,,
ehrbare,,,,
ehrbarem,,,,
ehrbaren,,,,
ehrbarer,,,,
ehrbares,,,,
ehre,,,,
ehren,,,,
ehrend,,,,
ehrende,,,,
ehrendem,,,,
ehrenden,,,,
ehrender,,,,
ehrendes,,,,
ehrenhaft,,,,
ehrenhafte,,,,
ehrenhaftem,,,,
ehrenhaften,,,,
ehrenhafter,,,,
ehrenhaftes,,,,
ehrenwert,,,,
ehrenwerte,,,,
ehrenwertem,,,,
ehrenwerten,,,,
ehrenwerter,,,,
ehrenwertes,,,,
ehrt,,,,
eifer,,,,
eifrig,,,,
eifrige,,,,
eifrigem,,,,
eifrigen,,,,
eifriger,,,,
eifriges,,,,
eindrucksvoll,,,,
eindrucksvolle,,,,
eindrucksvollem,,,,
eindrucksvollen,,,,
eindrucksvoller,,,,
eindrucksvolles,,,,
einfallsreich,,,,
einfallsreiche,,,,
einfallsreichem,,,,
einfallsreichen,,,,
einfallsreicher,,,,
einfallsreiches,,,,
einfallsreichtum,,,,
einflussreich,,,,
einflussreiche,,,,
einflussreichem,,,,
einflussreichen,,,,
einflussreicher,,,,
einflussreiches,,,,
eingebung,,,,
einhalten,,,,
einkunft,,,,
einkünfte,,,,
einnahme,,,,
einnahmen,,,,
einnehmend,,,,
einnehmende,,,,
einnehmendem,,,,
einnehmenden,,,,
einnehmender,,,,
einnehmendes,,,,
einprägend,,,,
einprägende,,,,
einprägendem,,,,
einprägenden,,,,
einprägender,,,,
einprägendes,,,,
einsatzfreudig,,,,
einsatzfreudige,,,,
einsatzfreudigem,,,,
einsatzfreudigen,,,,
einsatzfreudiger,,,,
einsatzfreudiges,,,,
einträglich,,,,
einträgliche,,,,
einträglichem,,,,
einträglichen,,,,
einträglicher,,,,
einträgliches,,,,
einwandfreie,,,,
einwandfreiem,,,,
einwandfreien,,,,
einwandfreier,,,,
einwandfreies,,,,
einzigartig,,,,
einzigartige,,,,
einzigartigem,,,,
einzigartigen,,,,
einzigartiger,,,,
einzigartiges,,,,
engagiert,,,,
engagierte,,,,
engagiertem,,,,
engagierten,,,,
engagierter,,,,
engagiertes,,,,
enorm,,,,
enorme,,,,
enormem,,,,
enormen,,,,
enormer,,,,
enormes,,,,
enthusiasmus,,,,
enthusiastisch,,,,
enthusiastische,,,,
enthusiastischem,,,,
enthusiastischen,,,,
enthusiastischer,,,,
enthusiastisches,,,,
entlohne,,,,
entlohnen,,,,
entlohnt,,,,
entlohnte,,,,
entlohntem,,,,
entlohnten,,,,
entlohnter,,,,
entlohntes,,,,
entschlossenheit,,,,
entzückend,,,,
entzückende,,,,
entzückendem,,,,
entzückenden,,,,
entzückender,,,,
entzückendes,,,,
erfand,,,,
erfanden,,,,
erfinde,,,,
erfinden,,,,
erfindend,,,,
erfindende,,,,
erfindendem,,,,
erfindenden,,,,
erfindender,,,,
erfindendes,,,,
erfinder,,,,
erfinderin,,,,
erfinderinnen,,,,
erfinderisch,,,,
erfinderische,,,,
erfinderischem,,,,
erfinderischen,,,,
erfinderischer,,,,
erfinderisches,,,,
erfindet,,,,
erfindung,,,,
erfindungen,,,,
erfindungsgabe,,,,
erfolg,,,,
erfolge,,,,
erfolgem,,,,
erfolgen,,,,
erfolger,,,,
erfolges,,,,
erfolgreich,,,,
erfolgreiche,,,,
erfolgreichem,,,,
erfolgreichen,,,,
erfolgreicher,,,,
erfolgreiches,,,,
erfreue,,,,
erfreuen,,,,
erfreuend,,,,
erfreuende,,,,
erfreuendem,,,,
erfreuenden,,,,
erfreuender,,,,
erfreuendes,,,,
erfreulich,,,,
erfreuliche,,,,
erfreulichem,,,,
erfreulichen,,,,
erfreulicher,,,,
erfreuliches,,,,
erfreut,,,,
erfreute,,,,
erfreutem,,,,
erfreuten,,,,
erfreuter,,,,
erfreutes,,,,
erhofft,,,,
erhoffte,,,,
erhofftem,,,,
erhofften,,,,
erhoffter,,,,
erhofftes,,,,
erkenntnisreich,,,,
erkenntnisreiche,,,,
erkenntnisreichem,,,,
erkenntnisreichen,,,,
erkenntnisreicher,,,,
erkenntnisreiches,,,,
erlange,,,,
erlangen,,,,
erlangend,,,,
erlangende,,,,
erlangendem,,,,
erlangenden,,,,
erlangender,,,,
erlangendes,,,,
erlangt,,,,
erlangte,,,,
erlangtem,,,,
erlangten,,,,
erlangter,,,,
erlangtes,,,,
ermutigend,,,,
ermutigende,,,,
ermutigendem,,,,
ermutigenden,,,,
ermutigender,,,,
ermutigendes,,,,
ermutigt,,,,
ermutigte,,,,
ermutigtem,,,,
ermutigten,,,,
ermutigter,,,,
ermutigtes,,,,
ermutigung,,,,
ermögliche,,,,
ermöglichen,,,,
ermöglichend,,,,
ermöglichende,,,,
ermöglichendem,,,,
ermöglichenden,,,,
ermöglichender,,,,
ermöglichendes,,,,
ermöglicht,,,,
ermöglichte,,,,
ermöglichtem,,,,
ermöglichten,,,,
ermöglichter,,,,
ermöglichtes,,,,
erreiche,,,,
erreichen,,,,
erreichend,,,,
erreichende,,,,
erreichendem,,,,
erreichenden,,,,
erreichender,,,,
erreichendes,,,,
erreicht,,,,
erreichte,,,,
erreichtem,,,,
erreichten,,,,
erreichter,,,,
erreichtes,,,,
erringe,,,,
erringen,,,,
erringend,,,,
erringende,,,,
erringendem,,,,
erringenden,,,,
erringender,,,,
erringendes,,,,
erringt,,,,
errungen,,,,
errungene,,,,
errungenem,,,,
errungenen,,,,
errungener,,,,
errungenes,,,,
errungenschaft,,,,
errungenschaften,,,,
erstarken,,,,
erstklassig,,,,
erstklassige,,,,
erstklassigem,,,,
erstklassigen,,,,
erstklassiger,,,,
erstklassiges,,,,
erstrebenswert,,,,
erstrebenswerte,,,,
erstrebenswertem,,,,
erstrebenswerten,,,,
erstrebenswerter,,,,
erstrebenswertes,,,,
ertrag,,,,
erwünscht,,,,
erwünschte,,,,
erwünschtem,,,,
erwünschten,,,,
erwünschter,,,,
erwünschtes,,,,
erziele,,,,
erzielen,,,,
erzielend,,,,
erzielende,,,,
erzielendem,,,,
erzielenden,,,,
erzielender,,,,
erzielendes,,,,
erzielt,,,,
erzielte,,,,
erzieltem,,,,
erzielten,,,,
erzielter,,,,
erzieltes,,,,
erzielung,,,,
exemplarisch,,,,
exklusiv,,,,
exklusive,,,,
exklusivem,,,,
exklusiven,,,,
exklusiver,,,,
exklusives,,,,
exklusivität,,,,
exzellent,,,,
exzellente,,,,
exzellentem,,,,
exzellenten,,,,
exzellenter,,,,
exzellentes,,,,
exzellenz,,,,
fantastisch,,,,
fantastische,,,,
fantastischem,,,,
fantastischen,,,,
fantastischer,,,,
fantastisches,,,,
favorisiere,,,,
favorisieren,,,,
favorisiert,,,,
favorit,,,,
favoriten,,,,
fehlerfrei,,,,
fehlerfreie,,,,
fehlerfreiem,,,,
fehlerfreien,,,,
fehlerfreier,,,,
fehlerfreies,,,,
fertigkeit,,,,
fertigkeiten,,,,
festige,,,,
festigen,,,,
festigend,,,,
festigende,,,,
festigendem,,,,
festigenden,,,,
festigender,,,,
festigendes,,,,
festigt,,,,
fleißig,,,,
fleißige,,,,
fleißigem,,,,
fleißigen,,,,
fleißiger,,,,
fleißiges,,,,
flexibilität,,,,
floriere,,,,
florieren,,,,
florierend,,,,
florierende,,,,
florierendem,,,,
florierenden,,,,
florierender,,,,
florierendes,,,,
floriert,,,,
florierte,,,,
floriertee,,,,
florierteem,,,,
florierteen,,,,
florierteer,,,,
floriertees,,,,
florierten,,,,
fortgeschritten,,,,
fortgeschrittene,,,,
fortgeschrittenem,,,,
fortgeschrittenen,,,,
fortgeschrittener,,,,
fortgeschrittenes,,,,
fortschreitend,,,,
fortschreitende,,,,
fortschreitendem,,,,
fortschreitenden,,,,
fortschreitender,,,,
fortschreitendes,,,,
fortschritt,,,,
fortschritte,,,,
freude,,,,
freuden,,,,
freue,,,,
freuen,,,,
freundlich,,,,
freundliche,,,,
freundlichem,,,,
freundlichen,,,,
freundlicher,,,,
freundliches,,,,
freut,,,,
fähig,,,,
fähige,,,,
fähigem,,,,
fähigen,,,,
fähiger,,,,
fähiges,,,,
fördere,,,,
förderlich,,,,
förderliche,,,,
förderlichem,,,,
förderlichen,,,,
förderlicher,,,,
förderliches,,,,
führend,,,,
führende,,,,
führendem,,,,
führenden,,,,
führender,,,,
führendes,,,,
führung,,,,
führungsetage,,,,
gebessert,,,,
gebesserte,,,,
gebessertem,,,,
gebesserten,,,,
gebesserter,,,,
gebessertes,,,,
gedeihe,,,,
gedeihen,,,,
gedeihend,,,,
gedeihende,,,,
gedeihendem,,,,
gedeihenden,,,,
gedeihender,,,,
gedeihendes,,,,
gedeiht,,,,
gefeiert,,,,
gefeierte,,,,
gefeiertem,,,,
gefeierten,,,,
gefeierter,,,,
gefeiertes,,,,
gefällig,,,,
gefällige,,,,
gefälligem,,,,
gefälligen,,,,
gefälliger,,,,
gefälliges,,,,
geglückt,,,,
geglückte,,,,
geglücktem,,,,
geglückten,,,,
geglückter,,,,
geglücktes,,,,
gelang,,,,
gelangen,,,,
gelegenheit,,,,
gelegenheiten,,,,
geleistet,,,,
geleistete,,,,
geleistetem,,,,
geleisteten,,,,
geleisteter,,,,
geleistetes,,,,
gelinge,,,,
gelingen,,,,
gelingt,,,,
gelobt,,,,
gelobte,,,,
gelobtem,,,,
gelobten,,,,
gelobter,,,,
gelobtes,,,,
geltung,,,,
gemeinnützig,,,,
gemeinnützige,,,,
gemeinnützigem,,,,
gemeinnützigen,,,,
gemeinnütziger,,,,
gemeinnütziges,,,,
gemeinschaftlich,,,,
gemeinschaftliche,,,,
gemeinschaftlichem,,,,
gemeinschaftlichen,,,,
gemeinschaftlicher,,,,
gemeinschaftliches,,,,
genialität,,,,
genießbar,,,,
genießbare,,,,
genießbarem,,,,
genießbaren,,,,
genießbarer,,,,
genießbares,,,,
genieße,,,,
genießen,,,,
genießend,,,,
genießende,,,,
genießendem,,,,
genießenden,,,,
genießender,,,,
genießendes,,,,
genießt,,,,
genossen,,,,
genossene,,,,
genossenem,,,,
genossenen,,,,
genossener,,,,
genossenes,,,,
genuss,,,,
genügend,,,,
genügende,,,,
genügendem,,,,
genügenden,,,,
genügender,,,,
genügendes,,,,
geschickt,,,,
geschickte,,,,
geschicktem,,,,
geschickten,,,,
geschickter,,,,
geschicktes,,,,
gestaltend,,,,
gestaltende,,,,
gestaltendem,,,,
gestaltenden,,,,
gestaltender,,,,
gestaltendes,,,,
gestärkt,,,,
gestärkte,,,,
gestärktem,,,,
gestärkten,,,,
gestärkter,,,,
gestärktes,,,,
gestützt,,,,
gestützte,,,,
gestütztem,,,,
gestützten,,,,
gestützter,,,,
gestütztes,,,,
gewaltig,,,,
gewaltige,,,,
gewaltigem,,,,
gewaltigen,,,,
gewaltiger,,,,
gewaltiges,,,,
gewinnbringend,,,,
gewinnbringende,,,,
gewinnbringendem,,,,
gewinnbringenden,,,,
gewinnbringender,,,,
gewinnbringendes,,,,
gewinnen,,,,
gewinnend,,,,
gewinnende,,,,
gewinnendem,,,,
gewinnenden,,,,
gewinnender,,,,
gewinnendes,,,,
gewinner,,,,
gewinnerin,,,,
gewinnerinnen,,,,
gewinnt,,,,
gewissenhaft,,,,
gewissenhafte,,,,
gewissenhaftem,,,,
gewissenhaften,,,,
gewissenhafter,,,,
gewissenhaftes,,,,
gewollt,,,,
gewollte,,,,
gewolltem,,,,
gewollten,,,,
gewollter,,,,
gewolltes,,,,
gewonnen,,,,
gewonnene,,,,
gewonnenem,,,,
gewonnenen,,,,
gewonnener,,,,
gewonnenes,,,,
gewünscht,,,,
gewünschte,,,,
gewünschtem,,,,
gewünschten,,,,
gewünschter,,,,
gewünschtes,,,,
glück,,,,
glücklich,,,,
glückliche,,,,
glücklichem,,,,
glücklichen,,,,
glücklicher,,,,
glückliches,,,,
glücklichst,,,,
glücklichste,,,,
glücklichstem,,,,
glücklichsten,,,,
glücklichster,,,,
glücklichstes,,,,
gratis,,,,
groß,,,,
großartig,,,,
großartige,,,,
großartigem,,,,
großartigen,,,,
großartiger,,,,
großartigere,,,,
großartigerem,,,,
großartigeren,,,,
großartigerer,,,,
großartigeres,,,,
großartiges,,,,
großartigst,,,,
großartigste,,,,
großartigstem,,,,
großartigsten,,,,
großartigster,,,,
großartigstes,,,,
große,,,,
großem,,,,
großen,,,,
großer,,,,
großes,,,,
großzügig,,,,
großzügige,,,,
großzügigem,,,,
großzügigen,,,,
großzügiger,,,,
großzügiges,,,,
größe,,,,
größer,,,,
größere,,,,
größerem,,,,
größeren,,,,
größerer,,,,
größeres,,,,
größt,,,,
größte,,,,
größtem,,,,
größten,,,,
größter,,,,
größtes,,,,
haltbarkeit,,,,
herausragen,,,,
herausragend,,,,
herausragende,,,,
herausragendem,,,,
herausragenden,,,,
herausragender,,,,
herausragendes,,,,
hervorragen,,,,
hervorragend,,,,
hervorragende,,,,
hervorragendem,,,,
hervorragenden,,,,
hervorragender,,,,
hervorragendes,,,,
hervorstechen,,,,
hervorstechend,,,,
hervorstechende,,,,
hervorstechendem,,,,
hervorstechenden,,,,
hervorstechender,,,,
hervorstechendes,,,,
hervortun,,,,
hochwertig,,,,
hochwertige,,,,
hochwertigem,,,,
hochwertigen,,,,
hochwertiger,,,,
hochwertiges,,,,
honoriere,,,,
honorieren,,,,
honorierend,,,,
honorierende,,,,
honorierendem,,,,
honorierenden,,,,
honorierender,,,,
honorierendes,,,,
honoriert,,,,
honorierte,,,,
honoriertem,,,,
honorierten,,,,
honorierter,,,,
honoriertes,,,,
häufig,,,,
häufige,,,,
häufigem,,,,
häufigen,,,,
häufiger,,,,
häufiges,,,,
häufigkeit,,,,
höchst,,,,
höchste,,,,
höchstem,,,,
höchsten,,,,
höchster,,,,
höchstes,,,,
höflich,,,,
höfliche,,,,
höflichem,,,,
höflichen,,,,
höflicher,,,,
höfliches,,,,
ideal,,,,
ideale,,,,
idealem,,,,
idealen,,,,
idealer,,,,
ideales,,,,
ideenreichtum,,,,
ideenreichtun,,,,
imponierend,,,,
imponierende,,,,
imponierendem,,,,
imponierenden,,,,
imponierender,,,,
imponierendes,,,,
imposant,,,,
imposante,,,,
imposantem,,,,
imposanten,,,,
imposanter,,,,
imposantes,,,,
informativ,,,,
informative,,,,
informativem,,,,
informativen,,,,
informativer,,,,
informatives,,,,
innovation,,,,
innovationen,,,,
innovationsfreudig,,,,
innovationsfreudige,,,,
innovationsfreudigem,,,,
innovationsfreudigen,,,,
innovationsfreudiger,,,,
innovationsfreudiges,,,,
innovationskraft,,,,
innovativ,,,,
innovative,,,,
innovativem,,,,
innovativen,,,,
innovativer,,,,
innovatives,,,,
innovator,,,,
innovatoren,,,,
inspiration,,,,
inspirierend,,,,
inspirierende,,,,
inspirierendem,,,,
inspirierenden,,,,
inspirierender,,,,
inspirierendes,,,,
inspiriert,,,,
inspirierte,,,,
inspiriertem,,,,
inspirierten,,,,
inspirierter,,,,
inspiriertes,,,,
integrität,,,,
interessant,,,,
interessante,,,,
interessantem,,,,
interessanten,,,,
interessanter,,,,
interessantes,,,,
invention,,,,
inventionen,,,,
karitativ,,,,
karitative,,,,
karitativem,,,,
karitativen,,,,
karitativer,,,,
karitatives,,,,
kläre,,,,
klären,,,,
klärt,,,,
kollaboration,,,,
kollaborationen,,,,
kollegial,,,,
kollegiale,,,,
kollegialem,,,,
kollegialen,,,,
kollegialer,,,,
kollegiales,,,,
kompetent,,,,
kompetente,,,,
kompetentem,,,,
kompetenten,,,,
kompetenter,,,,
kompetentes,,,,
kompliment,,,,
komplimente,,,,
komplimentiere,,,,
komplimentieren,,,,
komplimentiert,,,,
konstruktiv,,,,
konstruktive,,,,
konstruktivem,,,,
konstruktiven,,,,
konstruktiver,,,,
konstruktives,,,,
kostbar,,,,
kostbare,,,,
kostbarem,,,,
kostbaren,,,,
kostbarer,,,,
kostbares,,,,
kraft,,,,
kreativ,,,,
kreative,,,,
kreativem,,,,
kreativen,,,,
kreativer,,,,
kreatives,,,,
kreativität,,,,
kräfte,,,,
kräftig,,,,
kräftige,,,,
kräftigem,,,,
kräftigen,,,,
kräftiger,,,,
kräftigere,,,,
kräftigerem,,,,
kräftigeren,,,,
kräftigerer,,,,
kräftigeres,,,,
kräftiges,,,,
kräftigst,,,,
kräftigste,,,,
kräftigstem,,,,
kräftigsten,,,,
kräftigster,,,,
kräftigstes,,,,
kräftigt,,,,
kräftigung,,,,
kursanstieg,,,,
kursanstiege,,,,
lebhaft,,,,
lebhafte,,,,
lebhaftem,,,,
lebhaften,,,,
lebhafter,,,,
lebhaftes,,,,
leistungsfähig,,,,
leistungsfähige,,,,
leistungsfähigem,,,,
leistungsfähigen,,,,
leistungsfähiger,,,,
leistungsfähiges,,,,
leistungsfähigkeit,,,,
leite,,,,
leiten,,,,
leitend,,,,
leitende,,,,
leitendem,,,,
leitenden,,,,
leitender,,,,
leitendes,,,,
leitet,,,,
leitung,,,,
liebling,,,,
lieblinge,,,,
lob,,,,
lobend,,,,
lobende,,,,
lobendem,,,,
lobenden,,,,
lobender,,,,
lobendes,,,,
lobenswert,,,,
lobenswerte,,,,
lobenswertem,,,,
lobenswerten,,,,
lobenswerter,,,,
lobenswertes,,,,
lobte,,,,
lobten,,,,
lohn,,,,
lohnend,,,,
lohnende,,,,
lohnendem,,,,
lohnenden,,,,
lohnender,,,,
lohnendes,,,,
loyal,,,,
loyale,,,,
loyalem,,,,
loyalen,,,,
loyaler,,,,
loyales,,,,
lukrativ,,,,
lukrative,,,,
lukrativem,,,,
lukrativen,,,,
lukrativer,,,,
lukratives,,,,
löse,,,,
lösen,,,,
lösend,,,,
lösende,,,,
lösendem,,,,
lösenden,,,,
lösender,,,,
lösendes,,,,
löst,,,,
löste,,,,
lösten,,,,
markant,,,,
markante,,,,
markantem,,,,
markanten,,,,
markanter,,,,
markantes,,,,
massenhaft,,,,
massenhafte,,,,
massenhaftem,,,,
massenhaften,,,,
massenhafter,,,,
massenhaftes,,,,
maßgebend,,,,
maßgebende,,,,
maßgebendem,,,,
maßgebenden,,,,
maßgebender,,,,
maßgebendes,,,,
mitarbeit,,,,
mitarbeiten,,,,
mitarbeitend,,,,
mitarbeitende,,,,
mitarbeitendem,,,,
mitarbeitenden,,,,
mitarbeitender,,,,
mitarbeitendes,,,,
mitgearbeitet,,,,
mitgearbeitete,,,,
mitgearbeitetem,,,,
mitgearbeiteten,,,,
mitgearbeiteter,,,,
mitgearbeitetes,,,,
mustergültig,,,,
mustergültige,,,,
mustergültigem,,,,
mustergültigen,,,,
mustergültiger,,,,
mustergültiges,,,,
mächte,,,,
möglichkeit,,,,
möglichkeiten,,,,
mühelos,,,,
mühelose,,,,
mühelosem,,,,
mühelosen,,,,
müheloser,,,,
müheloses,,,,
nachbessern,,,,
nachbessert,,,,
namhaft,,,,
namhafte,,,,
namhaftem,,,,
namhaften,,,,
namhafter,,,,
namhaftes,,,,
nett,,,,
nette,,,,
nettem,,,,
netten,,,,
netter,,,,
nettes,,,,
neuartig,,,,
neuartige,,,,
neuartigem,,,,
neuartigen,,,,
neuartiger,,,,
neuartiges,,,,
neuerung,,,,
neuerungen,,,,
neuheit,,,,
neuheiten,,,,
oberst,,,,
oberste,,,,
oberstem,,,,
obersten,,,,
oberster,,,,
oberstes,,,,
obwohl,,,,
optimal,,,,
optimale,,,,
optimalem,,,,
optimalen,,,,
optimaler,,,,
optimales,,,,
optimistisch,,,,
optimistische,,,,
optimistischem,,,,
optimistischen,,,,
optimistischer,,,,
optimistisches,,,,
originalität,,,,
originell,,,,
originelle,,,,
originellem,,,,
originellen,,,,
origineller,,,,
originelles,,,,
perfekt,,,,
perfekte,,,,
perfektem,,,,
perfekten,,,,
perfekter,,,,
perfektes,,,,
perfektioniere,,,,
perfektionieren,,,,
perfektioniert,,,,
perfektionierte,,,,
perfektioniertem,,,,
perfektionierten,,,,
perfektionierter,,,,
perfektioniertes,,,,
phantastisch,,,,
phantastische,,,,
phantastischem,,,,
phantastischen,,,,
phantastischer,,,,
phantastisches,,,,
polsternd,,,,
polsternde,,,,
polsterndem,,,,
polsternden,,,,
polsternder,,,,
polsterndes,,,,
popularität,,,,
populär,,,,
populäre,,,,
populärem,,,,
populären,,,,
populärer,,,,
populäres,,,,
positiv,,,,
positive,,,,
positivem,,,,
positiven,,,,
positiver,,,,
positives,,,,
premiere,,,,
premieren,,,,
prestige,,,,
prestigeträchtig,,,,
prestigeträchtige,,,,
prestigeträchtigem,,,,
prestigeträchtigen,,,,
prestigeträchtiger,,,,
prestigeträchtiges,,,,
proaktiv,,,,
proaktive,,,,
proaktivem,,,,
proaktiven,,,,
proaktiver,,,,
proaktives,,,,
probat,,,,
probate,,,,
probatem,,,,
probaten,,,,
probater,,,,
probates,,,,
problemlos,,,,
problemlose,,,,
problemlosem,,,,
problemlosen,,,,
problemloser,,,,
problemloses,,,,
produktivität,,,,
profiliert,,,,
profilierte,,,,
profiliertem,,,,
profilierten,,,,
profilierter,,,,
profiliertes,,,,
profitabel,,,,
profitabilität,,,,
profitable,,,,
profitablem,,,,
profitablen,,,,
profitabler,,,,
profitables,,,,
profitiere,,,,
profitieren,,,,
profitierend,,,,
profitierende,,,,
profitierendem,,,,
profitierenden,,,,
profitierender,,,,
profitierendes,,,,
profitiert,,,,
progressiv,,,,
progressive,,,,
progressivem,,,,
progressiven,,,,
progressiver,,,,
progressives,,,,
präge,,,,
prägen,,,,
prägt,,,,
prämiere,,,,
prämieren,,,,
prämiert,,,,
prämierte,,,,
prämiertem,,,,
prämierten,,,,
prämierter,,,,
prämiertes,,,,
raffinesse,,,,
reibungslos,,,,
reibungslose,,,,
reibungslosem,,,,
reibungslosen,,,,
reibungsloser,,,,
reibungsloses,,,,
reichlich,,,,
reichliche,,,,
reichlichem,,,,
reichlichen,,,,
reichlicher,,,,
reichliches,,,,
reichtum,,,,
renommiert,,,,
renommierte,,,,
renommiertem,,,,
renommierten,,,,
renommierter,,,,
renommiertes,,,,
rentabel,,,,
rentabilität,,,,
rentable,,,,
rentablem,,,,
rentablen,,,,
rentabler,,,,
rentables,,,,
resonanz,,,,
revolutioniere,,,,
revolutionieren,,,,
revolutionierend,,,,
revolutionierende,,,,
revolutionierendem,,,,
revolutionierenden,,,,
revolutionierender,,,,
revolutionierendes,,,,
revolutioniert,,,,
revolutionierte,,,,
revolutioniertem,,,,
revolutionierten,,,,
revolutionierter,,,,
revolutioniertes,,,,
richtigkeit,,,,
richtunggebend,,,,
richtunggebende,,,,
richtunggebendem,,,,
richtunggebenden,,,,
richtunggebender,,,,
richtunggebendes,,,,
schaffenskraft,,,,
schlage,,,,
schlagen,,,,
schlägt,,,,
schlüssig,,,,
schlüssige,,,,
schlüssigem,,,,
schlüssigen,,,,
schlüssiger,,,,
schlüssiges,,,,
schmeichelhaft,,,,
schmeichelhafte,,,,
schmeichelhaftem,,,,
schmeichelhaften,,,,
schmeichelhafter,,,,
schmeichelhaftes,,,,
schub,,,,
schwingung,,,,
schwärme,,,,
schwärmen,,,,
schwärmt,,,,
schön,,,,
schöne,,,,
schönem,,,,
schönen,,,,
schöner,,,,
schönes,,,,
schöpferisch,,,,
schöpferische,,,,
schöpferischem,,,,
schöpferischen,,,,
schöpferischer,,,,
schöpferisches,,,,
seriosität,,,,
sieg,,,,
sieger,,,,
siegerin,,,,
siegerinnen,,,,
simpel,,,,
simple,,,,
simplem,,,,
simplen,,,,
simpler,,,,
simples,,,,
sorgfältig,,,,
sorgfältige,,,,
sorgfältigem,,,,
sorgfältigen,,,,
sorgfältiger,,,,
sorgfältiges,,,,
sorgsam,,,,
sorgsame,,,,
sorgsamem,,,,
sorgsamen,,,,
sorgsamer,,,,
sorgsames,,,,
souverän,,,,
souveräne,,,,
souveränem,,,,
souveränen,,,,
souveräner,,,,
souveränes,,,,
spannend,,,,
spannende,,,,
spannendem,,,,
spannenden,,,,
spannender,,,,
spannendes,,,,
spannung,,,,
spektakulär,,,,
spektakuläre,,,,
spektakulärem,,,,
spektakulären,,,,
spektakulärer,,,,
spektakuläres,,,,
stabil,,,,
stabile,,,,
stabilem,,,,
stabilen,,,,
stabiler,,,,
stabiles,,,,
stabilisation,,,,
stabilisiere,,,,
stabilisieren,,,,
stabilisierend,,,,
stabilisierende,,,,
stabilisierendem,,,,
stabilisierenden,,,,
stabilisierender,,,,
stabilisierendes,,,,
stabilisiert,,,,
stabilisierte,,,,
stabilisiertem,,,,
stabilisierten,,,,
stabilisierter,,,,
stabilisiertes,,,,
stabilisierung,,,,
stabilisierungen,,,,
stabilität,,,,
starker,,,,
starkes,,,,
steigere,,,,
steigerung,,,,
steigerungen,,,,
steigt,,,,
stetigkeit,,,,
stärken,,,,
stärkend,,,,
stärkende,,,,
stärkendem,,,,
stärkenden,,,,
stärkender,,,,
stärkendes,,,,
stärker,,,,
stärkere,,,,
stärkerem,,,,
stärkeren,,,,
stärkerer,,,,
stärkeres,,,,
stärkst,,,,
stärkste,,,,
stärkstem,,,,
stärksten,,,,
stärkster,,,,
stärkstes,,,,
stärkt,,,,
stärkung,,,,
stütze,,,,
stützen,,,,
stützend,,,,
stützende,,,,
stützendem,,,,
stützenden,,,,
stützender,,,,
stützendes,,,,
stützt,,,,
sympathisch,,,,
sympathische,,,,
sympathischem,,,,
sympathischen,,,,
sympathischer,,,,
sympathisches,,,,
talentiert,,,,
talentierte,,,,
talentiertem,,,,
talentierten,,,,
talentierter,,,,
talentiertes,,,,
toll,,,,
tolle,,,,
tollem,,,,
tollen,,,,
toller,,,,
tolles,,,,
transparenz,,,,
traum,,,,
treu,,,,
treue,,,,
treuem,,,,
treuen,,,,
treuer,,,,
treues,,,,
triumph,,,,
träume,,,,
träumen,,,,
träumt,,,,
tüchtig,,,,
tüchtige,,,,
tüchtigem,,,,
tüchtigen,,,,
tüchtiger,,,,
tüchtiges,,,,
umdrehen,,,,
umgewälzt,,,,
umgewälzte,,,,
umgewälztem,,,,
umgewälzten,,,,
umgewälzter,,,,
umgewälztes,,,,
umsatzträchtig,,,,
umsatzträchtige,,,,
umsatzträchtigem,,,,
umsatzträchtigen,,,,
umsatzträchtiger,,,,
umsatzträchtiges,,,,
unerreicht,,,,
unerreichte,,,,
unerreichtem,,,,
unerreichten,,,,
unerreichter,,,,
unerreichtes,,,,
ungemein,,,,
ungemeine,,,,
ungemeinem,,,,
ungemeinen,,,,
ungemeiner,,,,
ungemeines,,,,
unglaublich,,,,
unglaubliche,,,,
unglaublichem,,,,
unglaublichen,,,,
unglaublicher,,,,
unglaubliches,,,,
unterstützung,,,,
unvergleichlich,,,,
unvergleichliche,,,,
unvergleichlichem,,,,
unvergleichlichen,,,,
unvergleichlicher,,,,
unvergleichliches,,,,
unverwechselbar,,,,
unverwechselbare,,,,
unverwechselbarem,,,,
unverwechselbaren,,,,
unverwechselbarer,,,,
unverwechselbares,,,,
unverwechselbarkeit,,,,
unübertroffen,,,,
unübertroffene,,,,
unübertroffenem,,,,
unübertroffenen,,,,
unübertroffener,,,,
unübertroffenes,,,,
verbessere,,,,
verbesseren,,,,
verbessern,,,,
verbessernd,,,,
verbessernde,,,,
verbesserndem,,,,
verbessernden,,,,
verbessernder,,,,
verbesserndes,,,,
verbessert,,,,
verbesserte,,,,
verbessertem,,,,
verbesserten,,,,
verbesserter,,,,
verbessertes,,,,
verbesserung,,,,
verbesserungen,,,,
verdienstvoll,,,,
verdienstvolle,,,,
verdienstvollem,,,,
verdienstvollen,,,,
verdienstvoller,,,,
verdienstvolles,,,,
vergnügen,,,,
verlässlich,,,,
verlässliche,,,,
verlässlichem,,,,
verlässlichen,,,,
verlässlicher,,,,
verlässliches,,,,
verlässlichkeit,,,,
verstärke,,,,
verstärken,,,,
verstärkend,,,,
verstärkende,,,,
verstärkendem,,,,
verstärkenden,,,,
verstärkender,,,,
verstärkendes,,,,
verstärkt,,,,
verstärkte,,,,
verstärktem,,,,
verstärkten,,,,
verstärkter,,,,
verstärktes,,,,
verstärkung,,,,
verwirklichung,,,,
verwirklichungen,,,,
vielfältig,,,,
vielfältige,,,,
vielfältigem,,,,
vielfältigen,,,,
vielfältiger,,,,
vielfältiges,,,,
vielseitig,,,,
vielseitigkeit,,,,
vielversprechend,,,,
vielversprechende,,,,
vielversprechendem,,,,
vielversprechenden,,,,
vielversprechender,,,,
vielversprechendes,,,,
vielzahl,,,,
vollbracht,,,,
vollbrachte,,,,
vollbrachtem,,,,
vollbrachten,,,,
vollbrachter,,,,
vollbrachtes,,,,
vollbringe,,,,
vollbringen,,,,
vollbringend,,,,
vollbringende,,,,
vollbringendem,,,,
vollbringenden,,,,
vollbringender,,,,
vollbringendes,,,,
vollbringt,,,,
vollenden,,,,
vollendet,,,,
vollendete,,,,
vollendetem,,,,
vollendeten,,,,
vollendeter,,,,
vollendetes,,,,
vollkommen,,,,
vollkommene,,,,
vollkommenem,,,,
vollkommenen,,,,
vollkommener,,,,
vollkommenes,,,,
vorankomme,,,,
vorankommen,,,,
vorankommt,,,,
vorbildlich,,,,
vorbildliche,,,,
vorbildlichem,,,,
vorbildlichen,,,,
vorbildlicher,,,,
vorbildliches,,,,
vorrang,,,,
vorsprung,,,,
vorsprünge,,,,
vorteil,,,,
vorteile,,,,
vorteilhaft,,,,
vorteilhafte,,,,
vorteilhaftem,,,,
vorteilhaften,,,,
vorteilhafter,,,,
vorteilhaftes,,,,
vortrefflichkeit,,,,
wegbereiter,,,,
weiterentwickeln,,,,
weiterkomme,,,,
weiterkommen,,,,
weiterkommt,,,,
weiterverfolgend,,,,
weiterverfolgende,,,,
weiterverfolgendem,,,,
weiterverfolgenden,,,,
weiterverfolgender,,,,
weiterverfolgendes,,,,
weiterverfolgt,,,,
weiterverfolgte,,,,
weiterverfolgtem,,,,
weiterverfolgten,,,,
weiterverfolgter,,,,
weiterverfolgtes,,,,
wende,,,,
wertvoll,,,,
wertvolle,,,,
wertvollem,,,,
wertvollen,,,,
wertvoller,,,,
wertvolles,,,,
wiedererlangen,,,,
wiedererlangt,,,,
wiedererlangte,,,,
wiedererlangtem,,,,
wiedererlangten,,,,
wiedererlangter,,,,
wiedererlangtes,,,,
wiedergewinnen,,,,
wiedergewinnend,,,,
wiedergewinnende,,,,
wiedergewinnendem,,,,
wiedergewinnenden,,,,
wiedergewinnender,,,,
wiedergewinnendes,,,,
wiedergewonnen,,,,
wiedergewonnene,,,,
wiedergewonnenem,,,,
wiedergewonnenen,,,,
wiedergewonnener,,,,
wiedergewonnenes,,,,
wohlhabend,,,,
wohlhabende,,,,
wohlhabendem,,,,
wohlhabenden,,,,
wohlhabender,,,,
wohlhabendes,,,,
wohlstand,,,,
wohltätig,,,,
wohltätige,,,,
wohltätigem,,,,
wohltätigen,,,,
wohltätiger,,,,
wohltätiges,,,,
wohlwollend,,,,
wohlwollende,,,,
wohlwollendem,,,,
wohlwollenden,,,,
wohlwollender,,,,
wohlwollendes,,,,
wächst,,,,
wünschenswert,,,,
wünschenswerte,,,,
wünschenswertem,,,,
wünschenswerten,,,,
wünschenswerter,,,,
wünschenswertes,,,,
würdig,,,,
würdige,,,,
würdigem,,,,
würdigen,,,,
würdiger,,,,
würdiges,,,,
zufrieden,,,,
zufriedene,,,,
zufriedenem,,,,
zufriedenen,,,,
zufriedener,,,,
zufriedenes,,,,
zufriedenheit,,,,
zufriedenstellen,,,,
zufriedenstellend,,,,
zufriedenstellende,,,,
zufriedenstellendem,,,,
zufriedenstellenden,,,,
zufriedenstellender,,,,
zufriedenstellendes,,,,
zugedacht,,,,
zugedachte,,,,
zugedachtem,,,,
zugedachten,,,,
zugedachter,,,,
zugedachtes,,,,
zugejubelt,,,,
zugejubelte,,,,
zugejubeltem,,,,
zugejubelten,,,,
zugejubelter,,,,
zugejubeltes,,,,
zugutekommen,,,,
zugutekommend,,,,
zugutekommende,,,,
zugutekommendem,,,,
zugutekommenden,,,,
zugutekommender,,,,
zugutekommendes,,,,
zugutekommene,,,,
zugutekommenem,,,,
zugutekommenen,,,,
zugutekommener,,,,
zugutekommenes,,,,
zulegen,,,,
zurückgewinnen,,,,
zurückgewinnend,,,,
zurückgewinnende,,,,
zurückgewinnendem,,,,
zurückgewinnenden,,,,
zurückgewinnender,,,,
zurückgewinnendes,,,,
zurückgewonnen,,,,
zurückgewonnene,,,,
zurückgewonnenem,,,,
zurückgewonnenen,,,,
zurückgewonnener,,,,
zurückgewonnenes,,,,
zusammenarbeit,,,,
zusammenarbeiten,,,,
zusammenarbeitend,,,,
zusammenarbeitende,,,,
zusammenarbeitendem,,,,
zusammenarbeitenden,,,,
zusammenarbeitender,,,,
zusammenarbeitendes,,,,
zusammengearbeitet,,,,
zusammengearbeitete,,,,
zusammengearbeitetem,,,,
zusammengearbeiteten,,,,
zusammengearbeiteter,,,,
zusammengearbeitetes,,,,
zusichernd,,,,
zusichernde,,,,
zusicherndem,,,,
zusichernden,,,,
zusichernder,,,,
zusicherndes,,,,
zuspruch,,,,
zuträglich,,,,
zuträgliche,,,,
zuträglichem,,,,
zuträglichen,,,,
zuträglicher,,,,
zuträgliches,,,,
zuverlässig,,,,
zuverlässige,,,,
zuverlässigem,,,,
zuverlässigen,,,,
zuverlässiger,,,,
zuverlässiges,,,,
zuverlässigkeit,,,,
zuversichtlich,,,,
zuversichtliche,,,,
zuversichtlichem,,,,
zuversichtlichen,,,,
zuversichtlicher,,,,
zuversichtliches,,,,
zuvorkommend,,,,
zuvorkommende,,,,
zuvorkommendem,,,,
zuvorkommenden,,,,
zuvorkommender,,,,
zuvorkommendes,,,,
zuwachs,,,,
zuwüchse,,,,
überaus,,,,
überbiete,,,,
überbieten,,,,
überbietend,,,,
überbietende,,,,
überbietendem,,,,
überbietenden,,,,
überbietender,,,,
überbietendes,,,,
überbietet,,,,
überbot,,,,
überboten,,,,
überbotene,,,,
überbotenem,,,,
überbotenen,,,,
überbotener,,,,
überbotenes,,,,
überfluss,,,,
überlegen,,,,
überlegene,,,,
überlegenem,,,,
überlegenen,,,,
überlegener,,,,
überlegenes,,,,
überlegenheit,,,,
überrage,,,,
überragen,,,,
überragend,,,,
überragende,,,,
überragendem,,,,
überragenden,,,,
überragender,,,,
überragendes,,,,
überragt,,,,
überschüssig,,,,
überschüssige,,,,
überschüssigem,,,,
überschüssigen,,,,
überschüssiger,,,,
überschüssiges,,,,
übersteige,,,,
übersteigen,,,,
übersteigend,,,,
übersteigende,,,,
übersteigendem,,,,
übersteigenden,,,,
übersteigender,,,,
übersteigendes,,,,
übersteigt,,,,
überstieg,,,,
überstiegen,,,,
überstiegene,,,,
überstiegenem,,,,
überstiegenen,,,,
überstiegener,,,,
überstiegenes,,,,
übertraf,,,,
übertrafen,,,,
übertreffe,,,,
übertreffen,,,,
übertreffend,,,,
übertreffende,,,,
übertreffendem,,,,
übertreffenden,,,,
übertreffender,,,,
übertreffendes,,,,
übertrifft,,,,
übertroffen,,,,
übertroffene,,,,
übertroffenem,,,,
übertroffenen,,,,
übertroffener,,,,
übertroffenes,,,,
überzeugend,,,,
überzeugende,,,,
überzeugendem,,,,
überzeugenden,,,,
überzeugender,,,,
überzeugendere,,,,
überzeugenderem,,,,
überzeugenderen,,,,
überzeugenderer,,,,
überzeugenderes,,,,
überzeugendes,,,,
überzeugendst,,,,
überzeugendste,,,,
überzeugendstem,,,,
überzeugendsten,,,,
überzeugendster,,,,
überzeugendstes,,,,
überzeugt,,,,
überzeugte,,,,
überzeugtem,,,,
überzeugten,,,,
überzeugter,,,,
überzeugtes,,,,